Special Price:,Now only:
My Wishlist,My Wishlist
My Wishlist (%d item),My Wishlist (%d)
My Wishlist (%d items),My Wishlist (%d)
My Account,My Account
Cart,CART
View Cart,View Cart
View all items in your shopping cart,View all items in your shopping cart
View All,View All
Compare,Compare
Compare Products,Compare Products
Compare all selected items,Compare all selected items
Currency,Currency
Language,Language
Sign Up,Sign Up
Enter your e-mail,Enter your e-mail
Click to see more products from %s,Click to see more products from %s
Related Products,Related Products
Zoom,Zoom
image {current} of {total},{current} / {total}
New,New
Sale,Sale
Categories,Categories
Menu,Menu
Product Description,Description
Additional Information,Additional Info
Product Tags,Tags
Email to a Friend,Email to a Friend
Log In or Register,LOG IN OR REGISTER
Log In,LOG IN
Log Out,LOG OUT
Checkout,CHECKOUT
My Bag: ,MY BAG: 
Add Your Review,Add Review
Add to Cart,Add to Bag
